Side,Route,Outer_window_m,Winner,LOOCV_RMSE_G,LOOCV_RMSE_P,LOOCV_RMSE_E,Runner_up,Winner_margin_pct
North,Field K,6,E,12.219932248176235,14.85903761569434,6.874925585862267,G,77.74639296904601
North,Field K,7,E,13.57689618657046,19.455374708972354,4.629536189764177,G,193.26687663850086
North,Field K,8,G,12.822716348264011,15.06078781071879,20.384241130019316,P,17.453957505328244
North,Field K,9,G,11.574333033062832,14.07751229653105,13.283176037884779,E,14.764073229451117
North,Field K,10,G,11.206114468050423,14.926583371441964,11.779976529731929,E,5.120972691450149
North,Field K,12,P,12.983572892822627,12.505314713840988,14.00847444725447,G,3.82443936778575
North,Field K,14,P,15.093004271130809,10.863253946272273,15.701478037715635,G,38.93631084919979
North,Fine LF,6,G,0.6072407039238611,0.8069132823290008,0.7994869220322549,E,31.65898084007534
North,Fine LF,7,G,0.5172673384671549,0.8909376367793979,0.7512192805736049,E,45.228438895781025
North,Fine LF,8,P,0.8499643905980807,0.6630452099258397,0.8499643905980807,G,28.191015917775434
North,Fine LF,9,P,0.7385874750996914,0.586411583041342,0.7385874750996914,G,25.950355767038282
North,Fine LF,10,G,0.6591244138039536,0.6690350125150113,0.6591244138039536,E,0.0
North,Fine LF,12,P,0.948987916565782,0.7283978903299335,0.948987916565782,G,30.28427582841165
North,Fine LF,14,P,1.115611269768749,0.6985783936685624,1.115611269768749,G,59.697362512194445
North,Fine HF,6,G,0.533998222005775,0.7652384351775654,0.7806899895963968,P,43.30355488885685
North,Fine HF,7,G,0.47364142753601723,0.9006474551335184,0.7386372743497114,E,55.948620920314866
North,Fine HF,8,P,0.7604054475487935,0.6565993134957062,1.177575573373473,G,15.80966228862286
North,Fine HF,9,P,0.6385699371167048,0.5700169327437796,0.9402908729150051,G,12.026485606830127
North,Fine HF,10,G,0.5800638318465232,0.6456437728192804,0.8044354833074955,P,11.305642133210737
North,Fine HF,12,P,0.848211078321977,0.6732320739960024,0.848211078321977,G,25.99088948442073
North,Fine HF,14,P,1.0605081847973485,0.6587719297344611,1.0605081847973485,G,60.98260064371898
North,Coarse LF,6,G,0.7828183885025788,1.0623316195705776,1.0269357955488025,E,31.18442420766149
North,Coarse LF,7,E,1.2573424212573179,1.799405297305609,1.0377270492189066,G,21.163115310882088
North,Coarse LF,8,P,2.0348589722994803,1.652113361088196,2.7060246955796705,G,23.167030799822456
North,Coarse LF,9,P,1.731293801482019,1.680805239642497,2.1678640688547945,G,3.003831773529018
North,Coarse LF,10,G,1.5672411331876799,1.8466198050065772,1.8227683460175284,E,16.304269165659314
North,Coarse LF,12,G,1.4210423757322825,1.7698756655712615,1.933153405872782,P,24.547704966167558
North,Coarse LF,14,G,1.4071878535641622,1.4647769883865775,1.464951922226271,P,4.092498004196957
North,Coarse HF,6,G,0.7256568821731405,0.982064612384503,0.9745365752883609,E,34.2971587852781
North,Coarse HF,7,E,1.2725225543752703,1.7700271150642086,1.1110613278090142,G,14.532161504050695
North,Coarse HF,8,P,2.0029793522372232,1.6339713370379716,2.6641805690679865,G,22.583506015973423
North,Coarse HF,9,P,1.6734236840244248,1.6169242303035918,2.0303139170003206,G,3.4942548736637282
North,Coarse HF,10,G,1.5221989586226234,1.7772389504042407,1.7699464791969286,E,16.275633298191316
North,Coarse HF,12,G,1.3795190934211619,1.7040901920594045,1.8572995255107827,P,23.52784388314025
North,Coarse HF,14,G,1.3603901955769373,1.4245598376567525,1.4191102881714652,E,4.316415450908547
South,Field K,6,G,7.005673903307079,14.005565199429531,7.425292979688204,E,5.9897032344460275
South,Field K,7,G,7.80279750764428,10.388666192000898,10.09025727303014,E,29.315892962041765
South,Field K,8,G,6.587382108379311,7.954676411662914,6.80747587404744,E,3.341141625717515
South,Field K,9,P,9.592345919615985,6.826182895472208,9.592345919615985,G,40.52283782168461
South,Field K,10,P,9.463703336232202,7.434811375777657,9.463703336232202,G,27.289084522905323
South,Field K,12,P,11.249278611993,7.385646789392498,11.249278611993,G,52.312707780035915
South,Field K,14,P,12.221444789261696,7.162754728490085,12.221444789261696,G,70.6249236854434
South,Fine LF,6,G,0.8622367354980528,1.4637305842208088,0.9374573739859351,E,8.723896279417124
South,Fine LF,7,P,1.3307288294206747,1.0478371139592695,1.3307288294206747,G,26.997680430739308
South,Fine LF,8,P,1.3460216037359172,0.8450870771387883,1.3460216037359172,G,59.27608410403614
South,Fine LF,9,P,1.5807418298572682,0.8045008200887553,1.5807418298572682,G,96.48728632531105
South,Fine LF,10,P,1.5894763522763973,0.7500295156767043,1.5894763522763973,G,111.9218402814872
South,Fine LF,12,P,1.8851869498666782,0.7218989388677162,1.8851869498666782,G,161.1427789080222
South,Fine LF,14,P,1.8951534795531737,0.692044292612899,1.8951534795531737,G,173.84858162730984
South,Fine HF,6,G,0.9611034241308939,1.307381734364991,1.0106203011678463,E,5.1520862160833
South,Fine HF,7,P,1.1636064528850247,1.0203389122524311,1.1636064528850247,G,14.041171900062684
South,Fine HF,8,P,1.3063171312039898,0.9109168671751554,1.3063171312039898,G,43.40684405757139
South,Fine HF,9,P,1.4270727948128514,0.8371936048874781,1.4270727948128514,G,70.45911321845982
South,Fine HF,10,P,1.535399048212709,0.7966440541214462,1.535399048212709,G,92.73338453595505
South,Fine HF,12,P,1.789472341222609,0.7679802130614636,1.789472341222609,G,133.01021442845334
South,Fine HF,14,P,1.7443298690124822,0.703313312543669,1.7443298690124822,G,148.01604603555347
South,Coarse LF,6,G,1.4572948468190572,2.702192686042207,1.6207240739080804,E,11.214561517578407
South,Coarse LF,7,G,1.4317357730361855,2.0197107228985542,1.8582726861129997,E,29.791594308793872
South,Coarse LF,8,P,1.490366204651359,1.2824429948122962,1.554176187008337,G,16.213056695708755
South,Coarse LF,9,P,1.7102714152599074,1.171306991355654,1.7109617321156265,G,46.01393382621782
South,Coarse LF,10,P,1.9194632529925297,1.3282179864094057,1.9194632529925297,G,44.51417407630862
South,Coarse LF,12,P,2.202972817921289,1.274410985033609,2.202972817921289,G,72.86203931012034
South,Coarse LF,14,P,2.4003970463507867,1.236747165889766,2.4003970463507867,G,94.08955302710105
South,Coarse HF,6,G,1.3975100275776962,2.5738885647498413,1.6246423206151264,E,16.25264138040702
South,Coarse HF,7,G,1.4110639135985195,1.900199676069178,1.7696955204293443,E,25.415688359305875
South,Coarse HF,8,G,1.4227430787703808,1.433551930583751,1.4693736219740625,P,0.7597191632597409
South,Coarse HF,9,P,1.684081589258391,1.3317237359653809,1.684081589258391,G,26.458779983941795
South,Coarse HF,10,P,1.9182500027117528,1.290682444273245,1.9182500027117528,G,48.62292512174653
South,Coarse HF,12,P,2.1460028702887866,1.236214801796642,2.1460028702887866,G,73.59465904872779
South,Coarse HF,14,P,2.3039898233371825,1.1937206277563999,2.3039898233371825,G,93.00913210049286
