Side,Route,Deleted_distance_m,Full_record_winner,Jackknife_winner,Matches_full_record,Winner_margin_pct,LOOCV_RMSE_G,LOOCV_RMSE_P,LOOCV_RMSE_E
North,Field K,1.0,P,P,True,58.02591414718745,16.242885578424225,10.278621494507151,16.29652897882407
North,Field K,2.0,P,P,True,33.99761266520152,15.75623731935752,11.7585955495529,16.48311301381431
North,Field K,3.0,P,P,True,36.433351813206,15.73211686557363,11.530990521374003,16.434213892715462
North,Field K,4.0,P,P,True,46.955013603969384,14.834622324123076,10.094669082948784,15.2041038662362
North,Field K,5.0,P,P,True,41.42251097077098,15.721620620617722,11.116773781415214,16.300034566010442
North,Field K,6.0,P,P,True,43.557735268082375,15.606589452100788,10.871298173488704,16.285045284845474
North,Field K,7.0,P,P,True,42.360813722835786,14.226948532031011,9.993584723201746,14.914577081565291
North,Field K,8.0,P,P,True,53.37595995723688,16.080101066355017,10.484107855519436,16.736874232282986
North,Field K,9.0,P,P,True,28.51434027766092,15.072928361251666,11.728596457551692,15.695567293069935
North,Field K,10.0,P,P,True,25.733263086106238,13.385379633158507,10.645854012387925,13.979314616257309
North,Field K,12.0,P,P,True,42.23090769799416,17.732666982116346,12.46752008344697,20.63442813109603
North,Field K,14.0,P,P,True,3.82443936778575,12.983572892822627,12.505314713840988,14.00847444725447
North,Fine LF,1.0,P,P,True,67.43558640450007,0.8904602958141987,0.5318226041045874,0.8904602958141987
North,Fine LF,2.0,P,P,True,74.33237963710091,1.21904266447798,0.6992634799201392,1.21904266447798
North,Fine LF,3.0,P,P,True,60.18169196625206,1.1987997659948968,0.7483999895864918,1.1987997659948968
North,Fine LF,4.0,P,P,True,60.10653108774873,1.1865472644179382,0.7410986025096213,1.1865472644179382
North,Fine LF,5.0,P,P,True,61.3569620189415,1.1717563445895702,0.726188898159857,1.1717563445895702
North,Fine LF,6.0,P,P,True,44.56362523973062,1.1349005452974115,0.7850526323031813,1.1349005452974115
North,Fine LF,7.0,P,P,True,68.91213680728971,1.0556043140289977,0.6249428454234327,1.0556043140289977
North,Fine LF,8.0,P,P,True,89.08367824379161,1.184941770139111,0.6266758617903169,1.184941770139111
North,Fine LF,9.0,P,P,True,45.05067034253306,1.1558463309939706,0.7968569385198098,1.1558463309939706
North,Fine LF,10.0,P,P,True,88.2650062569521,1.1071883088290595,0.588100959834204,1.1071883088290595
North,Fine LF,12.0,P,P,True,79.98358669625817,1.3109966484356914,0.7283978903299335,1.3109966484356914
North,Fine LF,14.0,P,P,True,30.28427582841165,0.948987916565782,0.7283978903299335,0.948987916565782
North,Fine HF,1.0,P,P,True,91.1108353053256,0.9097717678149062,0.4760440538922986,0.9097717678149062
North,Fine HF,2.0,P,P,True,93.78505814257996,1.152519716780197,0.5947412704710263,1.152519716780197
North,Fine HF,3.0,P,P,True,57.9836893157355,1.1311534281896163,0.7159938048597977,1.1311534281896163
North,Fine HF,4.0,P,P,True,61.15711347496594,1.1228972668440012,0.6967717667755519,1.1228972668440012
North,Fine HF,5.0,P,P,True,72.7391991935896,1.1190887827161298,0.6478487731449779,1.1190887827161298
North,Fine HF,6.0,P,P,True,59.129083301638005,1.0775652080127127,0.6771642151486087,1.0775652080127127
North,Fine HF,7.0,P,P,True,89.29408975779873,0.9924998823616454,0.5243163606595147,0.9924998823616454
North,Fine HF,8.0,P,P,True,97.65018852159558,1.1272607530624776,0.5703312308954925,1.1272607530624776
North,Fine HF,9.0,P,P,True,48.273137667491774,1.0803838184277705,0.7286443353283404,1.0803838184277705
North,Fine HF,10.0,P,P,True,71.49550088446416,1.068677998091355,0.6231522066641965,1.068677998091355
North,Fine HF,12.0,P,P,True,86.9920716079633,1.2591224552071518,0.673356064981704,1.2591224552071518
North,Fine HF,14.0,P,P,True,25.99088948442073,0.848211078321977,0.6732320739960024,0.848211078321977
North,Coarse LF,1.0,G,G,True,2.3208187238199325,1.4858344067871212,1.5231854106341833,1.5203179299047955
North,Coarse LF,2.0,G,G,True,1.710379276857999,1.4819451421763963,1.5317608573159218,1.5072920247825852
North,Coarse LF,3.0,G,G,True,3.4931890781312376,1.47790695140479,1.5398648293934012,1.5295330356162045
North,Coarse LF,4.0,G,G,True,1.0233356195289705,1.451522140394578,1.5059260440756406,1.466376083482585
North,Coarse LF,5.0,G,G,True,1.0257711955633542,1.4598400690785818,1.4998799695330258,1.474814688008482
North,Coarse LF,6.0,G,G,True,5.126643271792865,1.4644777484231104,1.5395562983795474,1.6519382353607814
North,Coarse LF,7.0,G,G,True,16.519007734112087,1.2241237555015898,1.4263368533480008,1.535479939726636
North,Coarse LF,8.0,G,P,False,46.59841798700743,1.1566715951163298,0.7890068740160907,1.1730265383514313
North,Coarse LF,9.0,G,G,True,6.819718781205928,1.4436570373141877,1.712322902586779,1.5421103874241044
North,Coarse LF,10.0,G,G,True,4.0984124127245005,1.3916296349526869,1.7951492602855361,1.4486643566507404
North,Coarse LF,12.0,G,G,True,17.002376859508665,1.5242893332463212,1.7834547501141527,1.8282065199345459
North,Coarse LF,14.0,G,G,True,24.547704966167558,1.4210423757322825,1.7698756655712615,1.933153405872782
North,Coarse HF,1.0,G,G,True,2.4575570261531263,1.4353574267492473,1.4844544328657137,1.470632154040734
North,Coarse HF,2.0,G,G,True,1.634590800362282,1.4324005249459622,1.4885012984444832,1.4558144121510699
North,Coarse HF,3.0,G,G,True,3.773325137437628,1.429432310803971,1.497210046256524,1.4833694395101928
North,Coarse HF,4.0,G,G,True,1.1138593896225752,1.4063714732546722,1.4678693459797265,1.4220364739624927
North,Coarse HF,5.0,G,G,True,0.9701675535174965,1.4098164058661204,1.4571890757431416,1.4234939872
North,Coarse HF,6.0,G,G,True,5.562052855972702,1.4186345524569466,1.4975397560976937,1.593465871881655
North,Coarse HF,7.0,G,G,True,18.73768105673591,1.1514644894004842,1.3672222329059196,1.4163093232130624
North,Coarse HF,8.0,G,P,False,40.14305142561898,1.121878925023566,0.800524117044079,1.1340908423176899
North,Coarse HF,9.0,G,G,True,6.698478240753388,1.4091360377509259,1.7120797939196384,1.503526708622286
North,Coarse HF,10.0,G,G,True,4.538105356742982,1.3472147781983548,1.7409213419317617,1.4083528042146074
North,Coarse HF,12.0,G,G,True,17.565527609096076,1.4700898301184384,1.7296076296866925,1.7283188651064063
North,Coarse HF,14.0,G,G,True,23.52784388314025,1.3795190934211619,1.7040901920594045,1.8572995255107827
South,Field K,1.0,P,P,True,67.92628516855972,12.109452135725597,7.2111713324513,12.109452135725597
South,Field K,2.0,P,P,True,87.614489879842,12.06976234184959,6.433278340910496,12.06976234184959
South,Field K,3.0,P,P,True,78.25460146744665,13.009628754054143,7.29834105092092,13.009628754054143
South,Field K,4.0,P,P,True,99.6620741993466,12.945723218921648,6.483816854470008,12.945723218921648
South,Field K,5.0,P,P,True,72.02902267640498,12.671307804176285,7.365796542372758,12.671307804176285
South,Field K,6.0,P,P,True,132.5545653291103,10.891690141039037,4.683498741736229,10.891690141039037
South,Field K,7.0,P,P,True,77.58948367270361,12.47423245002672,7.024195460254087,12.47423245002672
South,Field K,8.0,P,P,True,71.48833158246678,11.677467169101844,6.809482057084614,11.677467169101844
South,Field K,9.0,P,P,True,96.24092652745155,13.012991017748577,6.631130033891391,13.012991017748577
South,Field K,10.0,P,P,True,72.21298306404593,13.04394983399836,7.574312692294123,13.04394983399836
South,Field K,12.0,P,P,True,84.71030366555433,13.97237954703978,7.564483014623194,13.97237954703978
South,Field K,14.0,P,P,True,52.312707780035915,11.249278611993,7.385646789392498,11.249278611993
South,Fine LF,1.0,P,P,True,74.30085058828467,1.6719024501513802,0.9592049863833276,1.6719024501513802
South,Fine LF,2.0,P,P,True,126.75943063317864,1.917916856679792,0.8457936462992552,1.917916856679792
South,Fine LF,3.0,P,P,True,274.96950291505505,1.9848293142302882,0.5293308652570414,1.9848293142302882
South,Fine LF,4.0,P,P,True,175.32409244587132,2.0215921838196387,0.7342590929332069,2.0215921838196387
South,Fine LF,5.0,P,P,True,137.424655200282,1.9330339793116007,0.8141673313923401,1.9330339793116007
South,Fine LF,6.0,P,P,True,92.43558420649619,1.7744211013722502,0.9220857507664374,1.7744211013722502
South,Fine LF,7.0,P,P,True,175.42979341969496,1.9331281466178343,0.7018587650291588,1.9331281466178343
South,Fine LF,8.0,P,P,True,163.68736879254263,1.9216613335744028,0.728765030488161,1.9216613335744028
South,Fine LF,9.0,P,P,True,181.2058471638364,2.0006041455975234,0.7114376055032489,2.0006041455975234
South,Fine LF,10.0,P,P,True,176.4723385958977,2.0148337226597244,0.7287650304881605,2.0148337226597244
South,Fine LF,12.0,P,P,True,194.6143387320647,2.095997196944632,0.7114376055032489,2.095997196944632
South,Fine LF,14.0,P,P,True,161.1427789080222,1.8851869498666782,0.7218989388677162,1.8851869498666782
South,Fine HF,1.0,P,P,True,46.66438728143941,1.5218529163882246,1.0376431147309728,1.5218529163882246
South,Fine HF,2.0,P,P,True,69.5594955475694,1.7701136476532324,1.0439484040318063,1.7701136476532324
South,Fine HF,3.0,P,P,True,330.4661015956529,1.7988886877995978,0.4178932280919385,1.7988886877995978
South,Fine HF,4.0,P,P,True,143.00872392367128,1.8660164239423245,0.767880425777816,1.8660164239423245
South,Fine HF,5.0,P,P,True,126.85390689216145,1.7703678882841403,0.780399999514098,1.7703678882841403
South,Fine HF,6.0,P,P,True,77.19089420884251,1.6859166511700991,0.9514691252604816,1.6859166511700991
South,Fine HF,7.0,P,P,True,138.4217415449287,1.7476186440611368,0.7329946643023795,1.7476186440611368
South,Fine HF,8.0,P,P,True,142.34119705598326,1.784900266275811,0.7365236649646,1.784900266275811
South,Fine HF,9.0,P,P,True,147.71875212796033,1.8245072319774263,0.7365236649646,1.8245072319774263
South,Fine HF,10.0,P,P,True,154.09005670126447,1.8624665581431592,0.7329946643023795,1.8624665581431592
South,Fine HF,12.0,P,P,True,163.49372368080193,1.897086329686544,0.7199740104567679,1.897086329686544
South,Fine HF,14.0,P,P,True,133.01021442845334,1.789472341222609,0.7679802130614636,1.789472341222609
South,Coarse LF,1.0,P,P,True,111.74977413869696,2.3951897598910343,1.1311415889974812,2.3951897598910343
South,Coarse LF,2.0,P,P,True,87.14752097958485,2.447692649455565,1.3078947755458505,2.447692649455565
South,Coarse LF,3.0,P,P,True,90.55754080822022,2.5688148195784994,1.348052041752465,2.5688148195784994
South,Coarse LF,4.0,P,P,True,205.95566423755267,2.496723501187315,0.8160409474389688,2.496723501187315
South,Coarse LF,5.0,P,P,True,118.1935593940738,2.3031974261872605,1.055575349053963,2.3031974261872605
South,Coarse LF,6.0,P,P,True,55.30126797386945,2.2398748520611473,1.4422772468528862,2.2398748520611473
South,Coarse LF,7.0,P,P,True,96.38233958819914,2.3792018147880984,1.211515159549035,2.3792018147880984
South,Coarse LF,8.0,P,P,True,88.89596752047605,2.416886688197302,1.2794802980298217,2.416886688197302
South,Coarse LF,9.0,P,P,True,94.25467275860838,2.51199485719864,1.2931451385574566,2.51199485719864
South,Coarse LF,10.0,P,P,True,100.91139440118286,2.5899823814180754,1.2891167218950061,2.5899823814180754
South,Coarse LF,12.0,P,P,True,112.45772193133335,2.738828020374012,1.2891167218950061,2.738828020374012
South,Coarse LF,14.0,P,P,True,72.86203931012034,2.202972817921289,1.274410985033609,2.202972817921289
South,Coarse HF,1.0,P,P,True,105.2353387443938,2.286758804119403,1.1142129898825077,2.286758804119403
South,Coarse HF,2.0,P,P,True,88.51798663141948,2.34652799331752,1.2447236654958176,2.34652799331752
South,Coarse HF,3.0,P,P,True,90.4905196649088,2.468308515124524,1.2957644923571612,2.468308515124524
South,Coarse HF,4.0,P,P,True,205.64885679490808,2.399778121800836,0.7851421879883226,2.399778121800836
South,Coarse HF,5.0,P,P,True,117.93470009092825,2.192669032451644,1.0061128546930815,2.192669032451644
South,Coarse HF,6.0,P,P,True,54.234779481179004,2.1602518897563066,1.4006256546176203,2.1602518897563066
South,Coarse HF,7.0,P,P,True,95.00484549911482,2.2926691477359924,1.1756985534733286,2.2926691477359924
South,Coarse HF,8.0,P,P,True,87.67678589781895,2.3029318467920414,1.227073362203612,2.3029318467920414
South,Coarse HF,9.0,P,P,True,93.31023801338249,2.4149866809853244,1.2492802791014823,2.4149866809853244
South,Coarse HF,10.0,P,P,True,101.24462129169518,2.4878157962275322,1.236214801796642,2.4878157962275322
South,Coarse HF,12.0,P,P,True,110.03802706478878,2.614748741298325,1.244893021439291,2.614748741298325
South,Coarse HF,14.0,P,P,True,73.59465904872779,2.1460028702887866,1.236214801796642,2.1460028702887866
